iter,write_ms,read_ms,read_results
0,0.3654259999734677,0.0017100000206937693,0
1,0.13435500000014144,0.0009629999908611353,0
2,0.12381499999492007,0.0004929999875002977,0
3,0.12180900000657857,0.0004659999888190214,0
4,0.12148100000786144,0.0004970000020421139,0
5,0.1200959999891893,0.00029900002118665725,0
6,0.12524900000698835,0.0004270000033557153,0
7,0.12257399998816254,0.00036000000136482413,0
8,0.1199949999772798,0.0003010000000358559,0
9,0.11994400000503447,0.0003229999947507167,0
10,0.11902300002475386,0.00029299999937393295,0
11,0.12075399999389447,0.00036400001590664033,0
12,0.11889000001019667,0.0009190000014314137,1
13,0.11936399999967762,0.00036200000863573223,0
14,0.12514400000895876,0.0004620000026989146,0
15,0.1241439999830618,0.0003090000006977789,0
16,0.11987900001031448,0.0003029999788850546,0
17,0.11977200000501398,0.0002900000026784255,0
18,0.12848700001200086,0.0004880000119555916,0
19,0.12326500001336171,0.00038899997889529914,0
20,0.1208389999760584,0.0003359999993790552,0
21,0.11971399999310961,0.0002660000006926566,0
22,0.12594700001500314,0.00047800000402276055,0
23,0.12231499999870721,0.0003749999848423613,0
24,0.12078599999654216,0.00030600000400227145,0
25,0.12082599999985177,0.000303000007306764,0
26,0.12107899999591609,0.0004070000159117626,0
27,0.11992500000701511,0.0003000000106112566,0
28,0.11977100001558938,0.0008229999934883381,1
29,0.1196040000195353,0.0005990000033762044,1
30,0.12293100002125357,0.0005610000073374977,0
31,0.12442099998111189,0.0003099999901223782,0
32,0.12080600001240782,0.0003010000000358559,0
33,0.1187600000207567,0.000491000008651099,1
34,0.1204800000209616,0.0003769999921132694,1
35,0.11972699999773795,0.00033699998880365456,1
36,0.1222070000039821,0.00039100001458791667,1
37,0.12012599998456608,0.00034999999343199306,1
38,0.12056500000312553,0.00032799999871713226,1
39,0.12494599999968159,0.000543999988167343,0
40,0.12120099998469414,0.00039799999740353087,1
41,0.11804399997572546,0.0003260000198679336,0
42,0.1190429999837761,0.0004909999802293896,2
43,0.11947400000167363,0.0003400000139208714,1
44,0.11924899999371519,0.00028699997756120865,0
45,0.1199530000235427,0.0005450000060136517,2
46,0.12034900001367532,0.00044900002649228554,1
47,0.12689400000454043,0.000553999996100174,0
48,0.12225800000464915,0.0003240000125970255,0
49,0.12111299997741298,0.0004720000106317457,1
50,0.11989300000436742,0.0004329999967467302,0
51,0.12697700000785517,0.0005260000079942984,0
52,0.12159700000324847,0.0003309999954126397,0
53,0.12131299999396106,0.00028200000201650255,0
54,0.12058499999056949,0.00034699999673648563,0
55,0.12542499999312895,0.0005089999888241437,0
56,0.12194000001386485,0.0003000000106112566,0
57,0.11884599999234524,0.0006710000093335111,3
58,0.11964399999442321,0.0004309999894758221,0
59,0.12019700000109879,0.00039799999740353087,1
60,0.12023900001167931,0.00033000000598804036,0
61,0.1194980000036594,0.00043000000005122274,1
62,0.11786000001734465,0.00039100001458791667,2
63,0.12397699998700773,0.000499000009313022,0
64,0.12156999997614548,0.0003380000066499633,0
65,0.11936699999637312,0.00028499999871201,0
66,0.1195330000030026,0.00035899998351851536,0
67,0.11896499998442778,0.0005050000027040369,2
68,0.11877099998969243,0.0003000000106112566,0
69,0.11853499998437655,0.00036700001260214776,1
70,0.11874200001216195,0.0003330000026835478,1
71,0.13913799998022114,0.0008540000067114306,3
72,0.12190500001452165,0.0004689999855145288,0
73,0.11777800000345451,0.00046700000666533015,1
74,0.118934999989051,0.00035800002251562546,0
75,0.11937799999373055,0.00036500000533123966,1
76,0.11968300000830823,0.0003140000046641944,1
77,0.11963599999376129,0.0003969999795572221,0
78,0.12069699999983641,0.00031499999408879376,1
79,0.12355300000876923,0.0004999999987376214,0
80,0.12158699999531564,0.00038400000335059303,0
81,0.1186920000009195,0.0003460000073118863,0
82,0.11947100000497812,0.000392000004012516,1
83,0.12560999999777778,0.0005370000053517288,1
84,0.12226699999473567,0.0004030000013699464,0
85,0.11860099999694285,0.0003440000000409782,0
86,0.11965899997790075,0.0003700000092976552,1
87,0.12323800001468044,0.0005949999888343882,1
88,0.12088899998730085,0.00046299999212351395,0
89,0.1182700000015302,0.0004249999960848072,1
90,0.11854099997776757,0.0003209999874798086,0
91,0.11960099999441809,0.00040199998352363764,1
92,0.11926700000230994,0.0003069999934268708,0
93,0.11867699998902026,0.0003460000073118863,1
94,0.1187949999916782,0.0004590000060034072,1
95,0.11955399997987115,0.0008220000040637387,1
96,0.12430600000357117,0.0004240000066602079,0
97,0.11861300001214659,0.00038900000731700857,1
98,0.11889500001416309,0.0003989999868281302,1
99,0.1196739999898,0.0004639999815481133,2
100,0.11976499999377666,0.0005420000093181443,3
101,0.1191100000141887,0.0003549999973984086,0
102,0.11793300001272655,0.0003189999802089005,1
103,0.11921300000494739,0.00031499999408879376,1
104,0.12381599998434467,0.0005849999809015571,2
105,0.12000300000636344,0.00043000000005122274,0
106,0.1190020000194636,0.00034699999673648563,0
107,0.11955900001225928,0.00036500000533123966,1
108,0.12028200001168443,0.0003610000192111329,2
109,0.11971800000765143,0.0004419999868332525,3
110,0.1181240000107664,0.0004219999993892998,2
111,0.11867300000290015,0.0003700000092976552,1
112,0.12279700001727178,0.0005559999749493727,2
113,0.12140900000190413,0.0003899999967416079,2
114,0.11982500001295193,0.00040399999079454574,1
115,0.11930000002280394,0.00037500001326407073,1
116,0.12496400000827634,0.0005980000139516051,3
117,0.12172600000326383,0.00041100000203186937,1
118,0.12066499999718872,0.00038499999277519237,3
119,0.11981399998717279,0.00041900000269379234,3
120,0.12507299999242605,0.0005889999954433733,1
121,0.12406399997644257,0.00039799999740353087,1
122,0.12030199999912838,0.00038900000731700857,1
123,0.12059799999519782,0.00041699999542288424,2
124,0.11995299999512099,0.0003769999921132694,1
125,0.12010899999381763,0.0003440000000409782,2
126,0.11883700000225872,0.00042799999278031464,0
127,0.11940100000629172,0.00040499998021914507,1
128,0.1238220000061574,0.000580000005356851,0
129,0.12196699998412441,0.0005010000165839301,2
130,0.12012700000241239,0.0003639999874849309,1
131,0.11800499999026215,0.00040800000533636194,3
132,0.11927500000297186,0.0003339999921081471,1
133,0.11983000001691835,0.00037799998153786873,2
134,0.11912499999766624,0.00037099999872225453,0
135,0.11896499998442778,0.00037600000268867007,3
136,0.12344099999950231,0.0005370000053517288,1
137,0.12141100000917504,0.0004070000159117626,3
138,0.12008799998852737,0.00041699999542288424,2
139,0.11866599999166283,0.00042799999278031464,0
140,0.118158000020685,0.0003099999901223782,1
141,0.11909599999171405,0.0003220000053261174,2
142,0.11918699999569071,0.0003989999868281302,2
143,0.11912299999039533,0.0004359999934422376,1
144,0.12217500000133441,0.0005449999775919423,3
145,0.12281200000074932,0.00040599999806545384,1
146,0.12080499999456151,0.00036099999078942346,0
147,0.11979600000699975,0.0003380000066499633,1
148,0.12630800000579256,0.0005750000013904355,1
149,0.12090900000316651,0.00038499999277519237,0
150,0.11879099997713638,0.0004270000033557153,3
151,0.11920800000098097,0.0003099999901223782,0
152,0.11965400000235604,0.00036000000136482413,2
153,0.12412300000619325,0.0005029999954331288,0
154,0.1211869999906412,0.0004400000079840538,1
155,0.11817300000416253,0.00041900000269379234,2
156,0.11906399998906636,0.0004240000066602079,4
157,0.11782900000412155,0.00040800000533636194,0
158,0.11975800001096104,0.0005260000079942984,1
159,0.11912300001881704,0.00039000002516331733,3
160,0.11813599999754842,0.0004160000059982849,2
161,0.12506699999903503,0.0005180000073323754,2
162,0.12246299999674193,0.00037199998814685387,1
163,0.12088100001506064,0.00040200001194534707,1
164,0.12049700001171004,0.00033200001325894846,1
165,0.11968499998715743,0.0003229999947507167,1
166,0.11978100002352221,0.00034799998616108496,3
167,0.12018099999977494,0.0003140000046641944,3
168,0.11997000001429114,0.00036899999145134643,2
169,0.12396299999295479,0.0005079999993995443,0
170,0.12273900000536742,0.00038299998550428427,2
171,0.11927699998182106,0.0004399999795623444,3
172,0.1198140000155945,0.00038499999277519237,1
173,0.12018999998986146,0.0004530000126123923,2
174,0.12036900000111928,0.00039799999740353087,2
175,0.11986799998453534,0.00040199998352363764,4
176,0.11932500001421431,0.0003859999821997917,0
177,0.12358499998299521,0.0005349999980808207,2
178,0.12162800001647156,0.0004270000033557153,3
179,0.12110500000517277,0.00040000000467443897,3
180,0.11944499999572145,0.0004160000059982849,3
181,0.1258599999971466,0.00046700000666533015,0
182,0.12226500001588647,0.00028400000928741065,0
183,0.12156599999002538,0.0004679999960899295,1
184,0.11920500000428547,0.00038400000335059303,1
185,0.12422000000356093,0.0004550000198833004,0
186,0.12161499998342151,0.0005050000027040369,3
187,0.11982299997725931,0.00040800000533636194,2
188,0.11922399997388311,0.0004359999934422376,2
189,0.11949599999638849,0.00040399999079454574,3
190,0.11933499999372543,0.0003250000020216248,1
191,0.11989300000436742,0.0004139999987273768,3
192,0.1190790000009656,0.0003010000000358559,1
193,0.12354899999422742,0.0005499999815583578,1
194,0.12240499998483756,0.0003879999894706998,1
195,0.12096800000449548,0.00040000000467443897,2
196,0.12074400001438335,0.00037300000599316263,2
197,0.12029499998789106,0.00039799999740353087,3
198,0.11956200000895478,0.00033200001325894846,2
199,0.1191460000029565,0.00036400001590664033,2
200,0.12026299998524337,0.0003500000218537025,0
201,0.12471399998048582,0.0006269999914820801,1
202,0.12218199998415002,0.0003639999874849309,3
203,0.12042299999848183,0.00037800000995957816,2
204,0.11874899999497757,0.00037399999541776197,2
205,0.11893900000359281,0.0002939999887985323,1
206,0.11779299998693205,0.00037399999541776197,2
207,0.11991600001692859,0.0005139999927905592,5
208,0.11885600000027807,0.0004510000053414842,4
209,0.11880200000291552,0.0003700000092976552,1
210,0.12309699999946133,0.0005670000007285125,0
211,0.12413600001082159,0.0005720000046949281,5
212,0.11951999999837426,0.00036600002317754843,0
213,0.11891100001548693,0.00041100000203186937,4
214,0.12642099997606238,0.00046900001393623825,0
215,0.1221350000264465,0.00037300000599316263,0
216,0.1208719999965524,0.000491000008651099,2
217,0.1192880000076002,0.0003240000125970255,1
218,0.1234720000127254,0.0005759999908150348,1
219,0.12000399999578804,0.0003830000139259937,0
220,0.11977299999443858,0.0002919999815276242,0
221,0.11864500001479428,0.00040200001194534707,4
222,0.11889300000689218,0.00038400000335059303,2
223,0.11958000001754954,0.00034499998946557753,3
224,0.1174580000053993,0.000339999985499162,0
225,0.11855200000354671,0.0004160000059982849,5
226,0.12553199999842946,0.0005480000027091592,1
227,0.1238609999916207,0.00037199998814685387,2
228,0.12003099999446931,0.00033699998880365456,0
229,0.1209410000058142,0.00039799999740353087,3
230,0.12080400000513691,0.00034099997492376133,0
231,0.11884299999564973,0.00042300001723560854,4
232,0.12045899998724963,0.00038499999277519237,3
233,0.11991499999908228,0.00035799999409391603,3
234,0.12377999999557687,0.0005889999954433733,2
235,0.1209739999978865,0.00042100000996470044,3
236,0.1184439999803999,0.00037199998814685387,3
237,0.11975900000038564,0.00035600001524471736,0
238,0.11919899998247274,0.00036699998418043833,2
239,0.1192539999976816,0.00036500000533123966,3
240,0.11933499999372543,0.00037600000268867007,2
241,0.11828000000946304,0.00033000000598804036,1
242,0.12218799997754104,0.0005740000119658362,3
243,0.12231599998813181,0.00041300000930277747,4
244,0.11982799998122573,0.00034999999343199306,0
245,0.12011100000108854,0.0002859999881366093,0
246,0.12567900000703958,0.0005550000139464828,3
247,0.12344099999950231,0.0004709999927854369,4
248,0.12105199999723482,0.000418000013269193,2
249,0.12035299999979543,0.0003899999967416079,4
250,0.1237219999836725,0.0005719999762732186,2
251,0.12189500000658882,0.0005819999842060497,6
252,0.1213259999985894,0.0004599999954280065,0
253,0.11932800001090982,0.00046099998485260585,3
254,0.12050199998725475,0.00033400002052985656,0
255,0.11885099999631166,0.000392000004012516,4
256,0.11965400000235604,0.00036700001260214776,0
257,0.1216080000006059,0.00039599999013262277,3
258,0.12573800000836854,0.0005360000159271294,2
259,0.12344900000016423,0.0004359999934422376,4
260,0.12216100000728147,0.00046000002384971594,2
261,0.12050099999783015,0.000365999994755839,1
262,0.11870000000158143,0.00041499998815197614,1
263,0.11995200000569639,0.0004160000059982849,0
264,0.11952299999506977,0.0004009999940990383,3
265,0.11923600001750856,0.00033400002052985656,2
266,0.12446899998508343,0.0006219999875156645,5
267,0.12374700000350458,0.00037099999872225453,1
268,0.12102699997740274,0.0003500000218537025,0
269,0.11910599999964688,0.0004339999861713295,1
270,0.11831099999426442,0.00044700001922137744,5
271,0.11971600000038052,0.0004599999954280065,3
272,0.12043200001699006,0.0003240000125970255,3
273,0.11898399998244713,0.0003570000046693167,3
274,0.11892300000226896,0.0003299999775663309,1
275,0.12494599999968159,0.0006900000073528645,5
276,0.12082200001373167,0.00038700000004610047,3
277,0.11887399998045112,0.0003599999729431147,2
278,0.1192860000003293,0.00041000001260727004,4
279,0.12434399999960988,0.0006159999941246497,3
280,0.12124100001642546,0.00040800000533636194,0
281,0.119219999987763,0.00033499998153274646,3
282,0.11992999998255982,0.0003250000020216248,0
283,0.12599600000839928,0.0006009999822254031,2
284,0.11959099998648526,0.0004769999861764518,5
285,0.1203780000196275,0.0005210000040278828,5
286,0.11950900000101683,0.00035400000797380926,0
287,0.11809500000481421,0.00035599998682300793,4
288,0.11828099999888764,0.00042600001393111597,2
289,0.1187270000002627,0.000491000008651099,2
290,0.11964600000169412,0.00038900000731700857,2
291,0.12305200002060701,0.0006810000172663422,2
292,0.12263799999345792,0.0003590000119402248,1
293,0.11988200000700999,0.0004950000231929153,5
294,0.11965199999508513,0.00042100000996470044,3
295,0.11950300000762581,0.000392000004012516,1
296,0.11971899999707603,0.00041000001260727004,3
297,0.12060099999189333,0.0003240000125970255,1
298,0.12019799999052339,0.00043200000732213084,3
299,0.12553800002024218,0.0005709999868486193,3
300,0.12206299999206749,0.00048499998683837475,4
301,0.11911699999700431,0.0005079999993995443,2
302,0.11855500000024222,0.0004309999894758221,3
303,0.11843999999427979,0.0003749999848423613,1
304,0.11871000000951426,0.0003859999821997917,2
305,0.11773100001732928,0.00036499997690953023,0
306,0.11767399999484951,0.0004550000198833004,2
307,0.12357500000348409,0.0005979999855298956,2
308,0.12160599999333499,0.00041300000930277747,2
309,0.12220800002182841,0.0003700000092976552,0
310,0.12058200002229569,0.0004750000073272531,4
311,0.12557099998389276,0.0005079999993995443,1
312,0.12165000001118642,0.00038800001789240923,3
313,0.12028599999780454,0.00040499998021914507,3
314,0.12013799999976982,0.0005180000073323754,5
315,0.1256850000004306,0.0007129999914923246,6
316,0.12265299997693546,0.00046299999212351395,4
317,0.12081700000976525,0.0004489999980705761,5
318,0.12003800000570664,0.0004249999960848072,4
319,0.11983100000634295,0.000499000009313022,5
320,0.12001199999644996,0.0005489999921337585,5
321,0.11960800000565541,0.00043699998286683694,5
322,0.12004600000636856,0.00034999999343199306,4
323,0.1241030000187493,0.0006369999994149111,3
324,0.12377400000218586,0.0003749999848423613,2
325,0.11968399999773283,0.00041300000930277747,0
326,0.11912600001551255,0.0005870000165941747,2
327,0.12085200000910845,0.0003570000046693167,0
328,0.11852000000089902,0.000685000003386449,6
329,0.11919500002477434,0.0005020000060085295,3
330,0.16242300000612886,0.0007099999947968172,5
331,0.12564499999712098,0.0006450000000768341,1
332,0.1217500000052496,0.0005590000000665896,5
333,0.12114100002236228,0.000561999996762097,6
334,0.12120499999923595,0.00036699998418043833,2
335,0.11945200000695877,0.00038800001789240923,3
336,0.11853299997710565,0.00041300000930277747,3
337,0.11964899999838963,0.00041499998815197614,4
338,0.11905700000625075,0.0005260000079942984,5
339,0.1251609999997072,0.0006069999756164179,2
340,0.12296200000605495,0.0004569999987324991,3
341,0.1200250000010783,0.00047599999675185245,4
342,0.12024000000110391,0.00047199998221003625,4
343,0.12476500000957458,0.00056999999742402,4
344,0.12268499997958315,0.0004880000119555916,3
345,0.12183600000525985,0.0005450000060136517,4
346,0.11928200001420919,0.00032399998417531606,3
347,0.12567499999249776,0.0007280000033915712,5
348,0.12189500000658882,0.0004199999921183917,3
349,0.12109800002235716,0.0003240000125970255,2
350,0.120375000022932,0.0003749999848423613,1
351,0.11956200000895478,0.0004200000205401011,3
352,0.11930599998777325,0.0004940000053466065,5
353,0.1184079999916321,0.000515000010636868,5
354,0.11948299999176015,0.00039999997625272954,4
355,0.12012500002356319,0.000481000000718268,3
356,0.1253700000063418,0.0005309999835390045,4
357,0.11969499999509026,0.00041699999542288424,4
358,0.117211000002726,0.0004270000033557153,1
359,0.11828300000615855,0.00047199998221003625,5
360,0.11813299997243121,0.0005300000225361146,4
361,0.11948799999572657,0.0004830000079891761,5
362,0.11849199998437143,0.00041299998088106804,4
363,0.11799399999290472,0.0004199999921183917,3
364,0.12374600001407998,0.0005679999901531119,3
365,0.12169999999400716,0.0004350000040176383,2
366,0.11896199998773227,0.0005269999974188977,5
367,0.11984799999709139,0.00048499998683837475,5
368,0.1193230000069434,0.0003419999927700701,4
369,0.12097999999127751,0.0005429999987427436,6
370,0.11979600000699975,0.00037600000268867007,2
371,0.11988800000040101,0.0004590000060034072,5
372,0.12395199999559736,0.0007250000066960638,5
373,0.12328199997568845,0.0004199999921183917,3
374,0.11863899999298155,0.0004460000013750687,3
375,0.11927099998843005,0.0004839999974137754,4
376,0.12601700001368954,0.0005660000113039132,1
377,0.1225249999947664,0.00031299998681788566,1
378,0.11937499999703505,0.0004859999762629741,5
379,0.12175499998079431,0.0005839999914769578,7
380,0.12490099999240556,0.0006049999967672193,3
381,0.12343900002065311,0.0004460000013750687,4
382,0.1193939999950544,0.0004590000060034072,7
383,0.11870500000554784,0.0006369999994149111,6
384,0.11847599998304759,0.0004329999967467302,6
385,0.1192510000009861,0.000507000009974945,7
386,0.11873100001480452,0.0005419999808964349,7
387,0.11823300002333781,0.0004319999789004214,5
388,0.12426000000687054,0.0005690000079994206,4
389,0.12261100002319836,0.0004679999960899295,5
390,0.12157099999399179,0.0004400000079840538,4
391,0.11999400001627691,0.000541000019893545,6
392,0.12054100000113976,0.00036600002317754843,3
393,0.1276920000066184,0.0004449999835287599,5
394,0.11920500000428547,0.0004679999960899295,4
395,0.11798100001669809,0.0003989999868281302,3
396,0.12286599999811187,0.0005509999994046666,4
397,0.12276699999347329,0.000489000001380191,7
398,0.1188630000115154,0.0003899999967416079,2
399,0.12026499999251428,0.00039900001524983963,4
400,0.12416799998504757,0.0006860000212327577,5
401,0.12051599998130769,0.0004839999974137754,4
402,0.12082199998530996,0.00039700000797893154,2
403,0.12047999999253989,0.00038899997889529914,4
404,0.15206699998771,0.0005809999947814504,3
405,0.12499499999307773,0.00040200001194534707,3
406,0.11946299997589449,0.0003899999967416079,3
407,0.11895000000095024,0.0004999999987376214,4
408,0.1270989999966332,0.0005959999782589875,1
409,0.12162100000523424,0.00039900001524983963,4
410,0.12122699999395081,0.00039700000797893154,2
411,0.12032699999053875,0.0005370000053517288,8
412,0.12583800000243173,0.00066100000140068,5
413,0.12197800000990355,0.0006519999828924483,5
414,0.11957399999573681,0.0005210000040278828,4
415,0.12007299997662813,0.0005190000251786842,5
416,0.11989800000833384,0.00047800000402276055,7
417,0.12049000000047272,0.0005149999822151585,8
418,0.12157000000456719,0.00038199999607968493,3
419,0.11876499999630141,0.00040199998352363764,3
420,0.12545100000238563,0.0005750000013904355,2
421,0.12253899998881934,0.0004309999894758221,3
422,0.12153699998407319,0.00041100000203186937,3
423,0.11983699999973396,0.00040499998021914507,2
424,0.12116600001377265,0.0004439999941041606,4
425,0.12078400001769296,0.0004619999742772052,5
426,0.11945899998977438,0.0004420000152549619,6
427,0.12050300000510106,0.0005679999901531119,7
428,0.12395199999559736,0.0006660000053670956,6
429,0.12195499999734238,0.00037199998814685387,4
430,0.11892800000623538,0.00047599999675185245,2
431,0.11958700000036515,0.00042599998550940654,4
432,0.12171899999202651,0.0005309999835390045,7
433,0.1228059999789366,0.0003549999973984086,1
434,0.12039300000310504,0.0005440000165890524,5
435,0.12088599999060534,0.0005899999848679727,5
436,0.12502500001687622,0.0005759999908150348,3
437,0.1225560000079895,0.0005859999987478659,6
438,0.12042399998790643,0.0004119999914564687,3
439,0.11794199997439136,0.0004139999987273768,5
440,0.12567499999249776,0.0006519999828924483,1
441,0.12320900000872825,0.0003839999749288836,4
442,0.12208999999074877,0.0004119999914564687,6
443,0.12077699997803393,0.000473000000056345,7
444,0.11829100000682047,0.003369000012298784,7
445,0.12253899998881934,0.0005889999954433733,7
446,0.11934700000892917,0.00046499999939442205,5
447,0.11831400001938164,0.00040499998021914507,6
448,0.11826599998698839,0.000446999990799668,6
449,0.11878600000159167,0.0003140000046641944,2
450,0.11841299999559851,0.000491000008651099,6
451,0.1207630000124027,0.0005519999888292659,6
452,0.11859800000024734,0.0004139999987273768,3
453,0.12639700000249832,0.0006799999994200334,5
454,0.12205400000198097,0.0004559999808861903,4
455,0.12605000000576183,0.000491000008651099,4
456,0.12038799999913863,0.0004850000152600842,5
457,0.12199900001519381,0.00048299997956746665,5
458,0.11947499999109823,0.0003769999921132694,2
459,0.11966599998913807,0.0004749999789055437,5
460,0.12085500000580396,0.0006079999934627267,8
461,0.12959700001147212,0.0007389999723272922,5
462,0.1239659999896503,0.00041099997361015994,2
463,0.11980499999708627,0.000713999980916924,9
464,0.12127400000849775,0.0006100000007336348,7
465,0.12056200000643003,0.0004769999861764518,5
466,0.1220320000072661,0.0004339999861713295,3
467,0.12095100001374703,0.0004860000046846835,4
468,0.11962300001755466,0.0004359999934422376,6
469,0.1257629999997789,0.0006040000073426199,4
470,0.12340699998958371,0.0004489999980705761,6
471,0.12108900000384892,0.000543999988167343,7
472,0.12073400000645051,0.00040199998352363764,4
473,0.12536099998783357,0.0006759999848782172,5
474,0.12165799998342663,0.0005079999993995443,4
475,0.11980900001162809,0.0004940000053466065,5
476,0.11959899998714718,0.0004679999960899295,6
477,0.12427100000422797,0.0005649999934576044,4
478,0.12331300001733325,0.0004199999921183917,4
479,0.1189330000102018,0.00044999998749517545,4
480,0.11938200000827237,0.0005130000033659599,5
481,0.11915499999304302,0.00043000000005122274,4
482,0.11917500000890868,0.0004290000106266234,5
483,0.11937400000761045,0.0008039999954689847,10
484,0.12003899999513123,0.00042600001393111597,5
485,0.12525100001425926,0.0007720000212430023,7
486,0.1227300000152809,0.0003680000020267471,2
487,0.12058300001172029,0.0004229999888138991,5
488,0.12019000001828317,0.0004720000106317457,6
489,0.12082700001769808,0.0007429999868691084,9
490,0.12151799998605384,0.0004050000086408545,3
491,0.11960099999441809,0.0004420000152549619,3
492,0.11976899997989676,0.0004290000106266234,4
493,0.12389999997708401,0.0006219999875156645,3
494,0.12243700001590696,0.000580000005356851,6
495,0.11980100001096616,0.000392000004012516,1
496,0.11885200001415797,0.0004229999888138991,5
497,0.12000199998851713,0.0004880000119555916,5
498,0.11926099998049722,0.0005029999954331288,1
499,0.1191149999897334,0.00040200001194534707,2
500,0.12106299999459225,0.0004620000026989146,7
501,0.12411699998438053,0.000614000015275451,2
502,0.12401600000089275,0.0006660000053670956,9
503,0.12075000000777436,0.0006010000106471125,5
504,0.11972000001492233,0.0004750000073272531,7
505,0.1252699999838569,0.0006840000139618496,7
506,0.11955700000498837,0.0004959999841958052,7
507,0.12011700002290127,0.00041699999542288424,3
508,0.12345800001867246,0.000515000010636868,4
509,0.141409999997677,0.0005629999861866963,4
510,0.12268400001858026,0.0005129999749442504,5
511,0.11862799999562412,0.00039299999343711534,5
512,0.11983400000303845,0.000392000004012516,3
513,0.11961500001689274,0.0004500000159168849,5
514,0.11999400001627691,0.00035200000070290116,4
515,0.12022799998590017,0.0004240000066602079,4
516,0.12080900000910333,0.00036699998418043833,4
517,0.12461800000096446,0.0006779999921491253,6
518,0.12181399998212328,0.0004590000060034072,4
519,0.11924099999305326,0.0005129999749442504,6
520,0.11967700001491721,0.000489000001380191,5
521,0.12066200000049321,0.0004989999808913126,7
522,0.12037400000508569,0.0004880000119555916,5
523,0.12039099999583414,0.00037300000599316263,4
524,0.11979799998584895,0.0005219999934524822,6
525,0.12469200001419267,0.0006549999795879557,3
526,0.1237890000140851,0.0009489999968081975,8
527,0.12004800001363947,0.0004599999954280065,4
528,0.12025699999185235,0.0004980000198884227,5
529,0.12078500000711756,0.0005580000106419902,5
530,0.11988099998916368,0.0005420000093181443,6
531,0.1199200000030487,0.0005010000165839301,8
532,0.12042700001302364,0.000418000013269193,3
533,0.12207099999272941,0.0006630000086715881,7
534,0.1230830000054084,0.00037099999872225453,4
535,0.1189389999751711,0.0006740000060290186,9
536,0.11956099999110847,0.0005130000033659599,7
537,0.1231180000047516,0.0005480000027091592,3
538,0.12386699998501172,0.0005590000000665896,4
539,0.11978599999906692,0.0006260000020574807,5
540,0.11996500001032473,0.0004489999980705761,7
541,0.11860800000818017,0.0004329999967467302,4
542,0.1301530000148432,0.00085499999613603,9
543,0.12240300000598836,0.0004270000033557153,3
544,0.11889500001416309,0.00037800000995957816,1
545,0.12066400000776412,0.0005640000040330051,5
546,0.11948399998118475,0.0006040000073426199,10
547,0.11797700000215627,0.00039900001524983963,2
548,0.11928000000693828,0.0004929999875002977,7
549,0.12205999999537198,0.0004290000106266234,4
550,0.12636400001042603,0.0007390000007490016,7
551,0.12026400000308968,0.0004650000278161315,4
552,0.11948200000233555,0.0004329999967467302,4
553,0.12130800001841635,0.0006699999914872024,7
554,0.12009200000306919,0.0003989999868281302,3
555,0.11929499999041582,0.00038199999607968493,4
556,0.12042200000905723,0.000527999986843497,8
557,0.12019199999713237,0.0004909999802293896,7
558,0.12567600001034407,0.0006600000119760807,4
559,0.12269399999809139,0.000491000008651099,7
560,0.12034900001367532,0.0005079999993995443,6
561,0.11922400000230482,0.000473000000056345,1
562,0.12050699999122116,0.0006209999980910652,6
563,0.11914199998841468,0.0005029999954331288,6
564,0.119707000010294,0.0005119999855196511,5
565,0.11957500001358312,0.0006490000146186503,8
566,0.12402300001213007,0.0009949999935088272,10
567,0.12250200001062694,0.0007020000225566037,11
568,0.12327700000014374,0.0005469999848628504,8
569,0.12096599999722457,0.0005579999822202808,7
570,0.12805400001525413,0.0006719999987581105,3
571,0.12241000001722568,0.00047599999675185245,3
572,0.12064500000974476,0.0006920000146237726,9
573,0.1203070000030948,0.0005269999974188977,8
574,0.12454000000161614,0.0007730000106676016,7
575,0.12444999998706407,0.0004070000159117626,1
576,0.11926000001949433,0.00048299997956746665,8
577,0.11942199998316028,0.0004999999987376214,8
578,0.11883799999168332,0.000616999983549249,9
579,0.11855100001412211,0.00041099997361015994,7
580,0.1194980000036594,0.0006470000073477422,10
581,0.11801700000546589,0.0005429999987427436,3
582,0.12351499998430882,0.0006180000013955578,3
583,0.12254199998551485,0.0004339999861713295,4
584,0.12010800000439303,0.0004329999967467302,2
585,0.12032399999384324,0.000580000005356851,9
586,0.12045000002558481,0.0005249999901479896,7
587,0.12103799997476017,0.00040599999806545384,4
588,0.12031400001433212,0.0005029999954331288,4
589,0.118689000004224,0.0004999999987376214,5
590,0.12462500001220178,0.0008540000067114306,10
591,0.12283600000273509,0.0006629999802498787,9
592,0.12648299997408685,0.0003789999993841775,1
593,0.12066700000445962,0.0006250000126328814,9
594,0.11792199998694741,0.0005820000126277591,7
595,0.12049899999055924,0.0004979999914667133,1
596,0.11912600001551255,0.0005240000007233903,8
597,0.12032899999780966,0.0004310000178975315,4
598,0.12403600001675841,0.0005899999848679727,3
599,0.12353599998959908,0.0005400000020472362,5
600,0.12015999999448468,0.0006619999908252794,13
601,0.11988700001097641,0.0005280000152652065,7
602,0.12652499998466737,0.0006269999914820801,4
603,0.12223699999935889,0.0004610000132743153,3
604,0.12022299998193375,0.00042800002120202407,4
605,0.11860900002602648,0.00047599999675185245,2
606,0.12342799999487397,0.0005869999881724652,4
607,0.12219500001720007,0.0005210000040278828,7
608,0.11983999999642947,0.00042800002120202407,4
609,0.11897900000690242,0.0005340000086562213,8
610,0.11846200001741636,0.000499000009313022,4
611,0.12143800000785632,0.0005100000066704524,8
612,0.12226999999143118,0.0005939999994097889,5
613,0.11988499997528379,0.0005980000139516051,5
614,0.12496000002215624,0.0006719999987581105,8
615,0.12415199998372373,0.0004999999987376214,7
616,0.12065799998595139,0.000533000019231622,8
617,0.12033900000574249,0.0004700000033608376,6
618,0.1189009999791324,0.00041200001987817814,4
619,0.11889200001746758,0.0005599999894911889,9
620,0.1200609999898461,0.000624999984211172,10
621,0.12059799999519782,0.0004339999861713295,4
622,0.1193900000089343,0.00036200000863573223,3
623,0.124037000006183,0.000713999980916924,8
624,0.12256899998419613,0.0005649999934576044,8
625,0.12008899997795197,0.00046700000666533015,2
626,0.12075600000116538,0.0005020000060085295,5
627,0.12012599998456608,0.0005480000027091592,9
628,0.11989899999775844,0.00042599998550940654,4
629,0.11888500000623026,0.0003590000119402248,4
630,0.11945999997919898,0.0005379999947763281,8
631,0.12535599998386715,0.0006150000047000503,4
632,0.12050499998395026,0.0005429999987427436,6
633,0.11914099999899008,0.0004769999861764518,7
634,0.11983799998915856,0.0005640000040330051,10
635,0.12691099999528888,0.0006759999848782172,5
636,0.12147499998604872,0.0005169999894860666,7
637,0.12794699998153192,0.0003940000112834241,3
638,0.11984500000039588,0.0007559999914974469,13
639,0.12517600001160645,0.0006020000000717118,4
640,0.12099299999590585,0.00041900000269379234,4
641,0.1192169999910675,0.0005079999993995443,8
642,0.11845199998106182,0.00040800000533636194,4
643,0.11873500000092463,0.00035799999409391603,1
644,0.11907199998972828,0.0004449999835287599,3
645,0.11813899999424393,0.0007570000093437557,10
646,0.11880400001018643,0.0004749999789055437,4
647,0.12506600000961043,0.000622000015937374,3
648,0.12183900000195536,0.00044400002252587,4
649,0.11940599998183643,0.00045899997758169775,5
650,0.11900299998046648,0.00044700001922137744,5
651,0.11942799997655129,0.0004850000152600842,7
652,0.11948499999903106,0.0005130000033659599,7
653,0.11891200000491153,0.0006310000060238963,13
654,0.12092000000052394,0.00045400000203699165,5
655,0.1296650000028876,0.0006049999967672193,3
656,0.12221500000464403,0.0005850000093232666,9
657,0.11943900000233043,0.0004789999934473599,4
658,0.11944400000629685,0.0006960000007438794,13
659,0.1206989999786856,0.000792000008686955,9
660,0.11765900001137197,0.0005249999901479896,4
661,0.1209730000084619,0.0004779999756010511,5
662,0.11985399999048241,0.00040399999079454574,6
663,0.12519900002416762,0.0006209999980910652,4
664,0.12105900000847214,0.0005029999954331288,8
665,0.12053800000444426,0.0004949999947712058,7
666,0.1197800000056759,0.000454999991461591,7
667,0.12493799999901967,0.0018289999843545957,9
668,0.1221729999940635,0.00042600001393111597,6
669,0.12095700000713805,0.0004579999881570984,6
670,0.11955399997987115,0.0004950000231929153,6
671,0.12559300000702933,0.0007860000152959401,10
672,0.12201199999140044,0.0007699999855503847,10
673,0.120029999976623,0.0006070000040381274,9
674,0.12028300000110903,0.0005499999815583578,7
675,0.11945499997523257,0.0005580000106419902,6
676,0.11915900000758484,0.00053599998750542,8
677,0.11856200001147954,0.0005320000013853132,7
678,0.11895099999037484,0.0005740000119658362,9
679,0.14079999999694337,0.0007250000066960638,7
680,0.12179300000525473,0.0006219999875156645,13
681,0.11829900000748239,0.0005310000119607139,5
682,0.1198460000182422,0.000580000005356851,5
683,0.11927500000297186,0.0004789999934473599,8
684,0.12063599999123653,0.0004830000079891761,8
685,0.11969299998781935,0.0006649999875207868,11
686,0.11976600001162296,0.0005480000027091592,9
687,0.12364299999489958,0.0007049999908304017,9
688,0.12172200001714373,0.0005079999993995443,7
689,0.11881599999696846,0.00045899997758169775,5
690,0.12265000000866166,0.00041699999542288424,2
691,0.11846200001741636,0.00040100002252074773,4
692,0.11959200000433157,0.0005900000132896821,8
693,0.11919300001750344,0.0004329999967467302,5
694,0.11956699998449949,0.0007080000159476185,9
695,0.12373699999557175,0.0019900000154393638,11
696,0.12238700000466451,0.0007459999835646158,12
697,0.1200979999964602,0.0007140000093386334,9
698,0.11905599998840444,0.000489000001380191,5
699,0.12434200002076068,0.0009000000034120603,11
700,0.12184599998477097,0.000452000023187793,4
701,0.11972100000434693,0.0004860000046846835,5
702,0.11973200000170436,0.00034100000334547076,4
703,0.1206599999932223,0.000685000003386449,8
704,0.12518500000169297,0.000757999998768355,11
705,0.12147999999001513,0.0006500000040432496,9
706,0.12046099999452053,0.0004410000258303626,7
707,0.12314800000012838,0.0005779999980859429,7
708,0.12113500000054955,0.0004509999769197748,4
709,0.11975399999641922,0.0006200000086664659,11
710,0.12084299999060022,0.0004740000179026538,5
711,0.11980499999708627,0.000428999982204914,4
712,0.12490099999240556,0.0006600000119760807,7
713,0.12048799999320181,0.0008519999994405225,13
714,0.1194289999943976,0.00047599999675185245,4
715,0.11930200000165314,0.0006669999947916949,9
716,0.12068399999520807,0.0005849999809015571,11
717,0.1184060000127829,0.0004919999980756984,5
718,0.1188319999982923,0.00044799998022426735,7
719,0.11852599999429003,0.0007250000066960638,10
720,0.12545600000635204,0.0008080000100108009,11
721,0.12089300000184267,0.0004350000040176383,3
722,0.11942599999770209,0.0005560000033710821,6
723,0.11959400001160247,0.0006330000132948044,10
724,0.1212219999899844,0.0005349999980808207,8
725,0.12018199998919954,0.0005710000152703287,8
726,0.11932699999306351,0.0005300000225361146,6
727,0.11882399999763038,0.0004399999795623444,4
728,0.12362900000084664,0.0007979999736562604,12
729,0.12159600001382387,0.00043499997559592884,4
730,0.12029499998789106,0.00041300000930277747,4
731,0.12032300000441865,0.0005419999808964349,8
732,0.12720899999862922,0.0006139999868537416,4
733,0.12127099998338053,0.0004789999934473599,6
734,0.11895099999037484,0.0005529999782538653,9
735,0.12003500000901113,0.0006629999802498787,11
736,0.12775400000464288,0.00072900002123788,6
737,0.12125099999593658,0.000634999992144003,8
738,0.11948499999903106,0.0006859999928110483,9
739,0.11979900000369526,0.0005050000027040369,9
740,0.11986999999180625,0.0005910000027142814,6
741,0.1192860000003293,0.0005480000027091592,5
742,0.1196079999772337,0.0005100000066704524,8
743,0.12085000000183754,0.00043899999013774504,2
744,0.12619500000710104,0.0007690000245474948,5
745,0.12214699998480683,0.0004900000192264997,7
746,0.11894900001152564,0.0004720000106317457,5
747,0.12021700001696445,0.0005219999934524822,8
748,0.12099900001771857,0.0005509999994046666,9
749,0.12047100000245337,0.0016760000107751694,11
750,0.11966100001359337,0.0004099999841855606,2
751,0.11936399999967762,0.00044999998749517545,5
752,0.12390800000616764,0.0007280000033915712,8
753,0.12385099998368787,0.0005299999941144051,6
754,0.12034600001697981,0.0006459999895014334,13
755,0.11961700002416364,0.0007740000000922009,11
756,0.12158100000192462,0.00045400000203699165,5
757,0.12121700001443969,0.000553999996100174,6
758,0.12077300002033553,0.0004949999947712058,5
759,0.11983000001691835,0.0005490000205554679,10
760,0.12428600001612722,0.0006459999895014334,4
761,0.12261000000535205,0.0007419999974445091,11
762,0.11872199999629629,0.00044799998022426735,5
763,0.1190799999903902,0.000614000015275451,9
764,0.1251920000129303,0.0007520000053773401,9
765,0.12226199999076925,0.0004769999861764518,5
766,0.11976400000435206,0.0005839999914769578,7
767,0.11919299998908173,0.00056999999742402,9
768,0.12559399999645393,0.0006599999835543713,8
769,0.12243599999806065,0.0005189999967569747,6
770,0.12044400000377209,0.0004160000059982849,5
771,0.11937899998315515,0.0004400000079840538,4
772,0.11817399999358713,0.0004640000099698227,2
773,0.11950500001489672,0.00040800000533636194,2
774,0.11885499998243176,0.00043200000732213084,4
775,0.12029499998789106,0.000685000003386449,13
776,0.12052799999651143,0.0004590000060034072,5
777,0.12381999999888649,0.00069500001131928,7
778,0.11920100001816536,0.000527999986843497,7
779,0.11943999999175503,0.000596000006680697,9
780,0.12084599998729573,0.00044500001195046934,2
781,0.119498999993084,0.0016349999896192458,11
782,0.11990100000502935,0.00041700002384459367,4
783,0.11845000000221262,0.0006599999835543713,5
784,0.11942699998712669,0.0005140000212122686,6
785,0.12551800000437652,0.0007999999809271685,7
786,0.12009200000306919,0.0004420000152549619,5
787,0.11910300000295138,0.0004870000225309923,5
788,0.11887999997384213,0.0005659999828822038,7
789,0.11910000000625587,0.00044700001922137744,5
790,0.1187949999916782,0.0005450000060136517,10
791,0.11907100000030368,0.000509999978248743,7
792,0.12061400002494338,0.0005200000146032835,8
793,0.1241420000042126,0.0008869999987837218,12
794,0.120587999987265,0.0006420000033813267,11
795,0.12000799998190814,0.00041000001260727004,4
796,0.11907000001087908,0.0005480000027091592,10
797,0.128885999998829,0.0007390000007490016,10
798,0.12223400000266338,0.00045400000203699165,6
799,0.12035399998922003,0.0003729999775714532,2
800,0.12081399998464804,0.0007229999994251557,9
801,0.12365899999622343,0.0007250000066960638,8
802,0.12193399999205212,0.00047399998948094435,2
803,0.11858099998107718,0.0005590000000665896,10
804,0.11918799998511531,0.00042599998550940654,2
805,0.12050399999452566,0.0005550000139464828,9
806,0.1195689999917704,0.000606000014613528,9
807,0.11892700001681078,0.0005900000132896821,11
808,0.12044300001434749,0.0005480000027091592,11
809,0.12327700000014374,0.0006949999828975706,8
810,0.12293300000010277,0.0006380000172612199,9
811,0.12141400000587055,0.0005659999828822038,12
812,0.11977099998716767,0.0004350000040176383,3
813,0.11936399999967762,0.0007410000080199097,13
814,0.11873400001150003,0.0006699999914872024,5
815,0.11902200000690755,0.0006039999789209105,10
816,0.12076000001570719,0.00048000001129366865,9
817,0.1229080000086924,0.0006799999994200334,6
818,0.12163700000655808,0.0004960000126175146,3
819,0.11946099999704529,0.0005269999974188977,4
820,0.11912700000493714,0.0007190000133050489,14
821,0.12160599999333499,0.0005029999954331288,7
822,0.11992200001031961,0.000614000015275451,11
823,0.11899999998377098,0.0005530000066755747,10
824,0.12082499998200547,0.0005549999855247734,9
825,0.12348599997835663,0.0007950000053824624,13
826,0.12226999999143118,0.0005220000218741916,5
827,0.11976600001162296,0.0005220000218741916,7
828,0.12049299999716823,0.000418000013269193,2
829,0.12598699998989105,0.0006799999994200334,5
830,0.12251500001525528,0.0005299999941144051,7
831,0.12126299998271861,0.0006319999954484956,10
832,0.12247999998749037,0.0006109999901582341,11
833,0.1236470000094414,0.0006599999835543713,7
834,0.12254500001063207,0.0007769999967877084,12
835,0.12012199999844597,0.0005109999960950518,5
836,0.1200259999905029,0.0004769999861764518,7
837,0.12003199998389391,0.0005549999855247734,9
838,0.12001599998257007,0.00039900001524983963,3
839,0.11818699999821547,0.0005299999941144051,7
840,0.12105499999393032,0.000561999996762097,10
841,0.12391800001410047,0.0006649999875207868,7
842,0.12207899999339134,0.00045600000930789975,4
843,0.11971899999707603,0.0005770000086613436,11
844,0.12038499997402141,0.000596000006680697,11
845,0.12017899999250403,0.0004899999908047903,5
846,0.12035899999318644,0.00046700000666533015,4
847,0.1207280000130595,0.0006270000199037895,10
848,0.11895699998376585,0.0006050000251889287,10
849,0.11997699999710676,0.0004590000060034072,6
850,0.12445100000491038,0.0007769999967877084,11
851,0.12119799998799863,0.0005600000179128983,10
852,0.12078899999323767,0.000616999983549249,11
853,0.1196039999911136,0.0007200000027296483,14
854,0.12000699999248354,0.0005230000112987909,9
855,0.11843899997643348,0.000608999982887326,12
856,0.11895700001218756,0.0006170000119709584,9
857,0.11951700000167875,0.000561999996762097,7
858,0.12451599999963037,0.0007480000192572334,10
859,0.12276699999347329,0.00047399998948094435,5
860,0.11934099998711645,0.0007620000133101712,11
861,0.11930200000165314,0.00046700000666533015,5
862,0.12493400001289956,0.0007800000219049252,6
863,0.1213950000078512,0.0005509999994046666,9
864,0.11868000001413748,0.00047800000402276055,5
865,0.12030300001697469,0.008318999988432552,9
866,0.12451899999632587,0.0007220000100005564,7
867,0.12262000001328488,0.0004850000152600842,7
868,0.1205880000156867,0.0006079999934627267,12
869,0.11989499998321662,0.0005020000060085295,6
870,0.12024000000110391,0.0007109999842214165,13
871,0.11947100000497812,0.0005090000172458531,4
872,0.11874500000885746,0.00056999999742402,9
873,0.118409999998903,0.0004160000059982849,4
874,0.12394299997708913,0.0006980000080147875,6
875,0.12302100000738392,0.0005290000046898058,6
876,0.1212569999893276,0.0005740000119658362,6
877,0.12043300000641466,0.00045400000203699165,5
878,0.12047000001302877,0.000669000002062603,10
879,0.1198159999944437,0.0005389999842009274,7
880,0.11916300002212665,0.0005870000165941747,9
881,0.1193930000056298,0.0004720000106317457,6
882,0.12451799997847957,0.000830999994150261,12
883,0.12209300001586598,0.0006719999987581105,14
884,0.12053300000047784,0.0008430000093540002,13
885,0.11972199999377153,0.0004899999908047903,7
886,0.12107899999591609,0.00046099998485260585,2
887,0.12108500001772882,0.0005029999954331288,7
888,0.12060099999189333,0.00048299997956746665,4
889,0.12212300001124277,0.000580000005356851,11
890,0.12407899998834182,0.0007390000007490016,10
891,0.12349200000016936,0.0005949999888343882,12
892,0.11903099999699407,0.0006600000119760807,13
893,0.12069199999586999,0.0006729999881827098,15
894,0.124141000014788,0.0007410000080199097,5
895,0.12144300001182273,0.0004579999881570984,7
896,0.12188599998808058,0.000509999978248743,6
897,0.1190370000188068,0.0005480000027091592,7
898,0.12425299999563322,0.0007890000119914475,7
899,0.12237900000400259,0.00046900001393623825,6
900,0.1202370000044084,0.0005530000066755747,10
901,0.12063299999454102,0.0007810000113295246,14
902,0.12020099998721889,0.0006129999974291422,7
903,0.12014600000043174,0.0005859999987478659,11
904,0.11946800000828262,0.0004750000073272531,6
905,0.11913599999502367,0.0004949999947712058,7
906,0.12426499998241525,0.0009470000179589988,13
907,0.12182500000790242,0.0005050000027040369,6
908,0.12023000002159279,0.0005260000079942984,7
909,0.12028899999450005,0.00044300000467956124,2
910,0.12198499999271917,0.0004960000126175146,6
911,0.12331400000675785,0.0004660000172407308,7
912,0.11883499999498781,0.0004380000007131457,7
913,0.12181299999269868,0.0006600000119760807,10
914,0.12432299999431962,0.0006699999914872024,6
915,0.12336200001072939,0.000491000008651099,4
916,0.12113999997609426,0.0007490000086818327,16
917,0.11900000001219269,0.0005660000113039132,7
918,0.11943999999175503,0.0005039999848577281,8
919,0.11980499999708627,0.000616999983549249,15
920,0.11915000001749831,0.0007350000146288949,13
921,0.11863899999298155,0.0005790000159322517,10
922,0.12391900000352507,0.0007950000053824624,13
923,0.12325500000542888,0.0005100000066704524,8
924,0.11943599997721321,0.0004880000119555916,8
925,0.12099500000317676,0.001736000001528737,15
926,0.12485499999570493,0.0006409999855350179,7
927,0.12224799999671632,0.0005310000119607139,6
928,0.12155400000324335,0.0007729999822458922,15
929,0.12000999998917905,0.000541000019893545,7
930,0.1230470000166406,0.0007910000192623556,4
931,0.12446000002341862,0.000543999988167343,10
932,0.12033899997732078,0.0005409999914718355,11
933,0.12045200000443401,0.0006749999954536179,16
934,0.11895299999764575,0.0007850000258713408,11
935,0.12022200002093086,0.0005249999901479896,9
936,0.11946899999770721,0.0004500000159168849,4
937,0.1209400000163896,0.000499000009313022,6
938,0.11914399999568559,0.0005600000179128983,10
939,0.1254729999971005,0.0007270000139669719,9
940,0.12142399998538167,0.00046299999212351395,4
941,0.11859399998570552,0.0007189999848833395,11
942,0.1196749999792246,0.0006730000166044192,12
943,0.11994199999776356,0.0006520000113141577,11
944,0.12034700000640441,0.0005919999921388808,14
945,0.119428000004973,0.0008060000027398928,14
946,0.11821199998962584,0.0005740000119658362,8
947,0.12520199999244142,0.0008190000073682313,5
948,0.12098199999854842,0.0009639999802857346,10
949,0.12052200000312041,0.0005729999941195274,10
950,0.11968299997988652,0.0005219999934524822,12
951,0.11969499999509026,0.0004949999947712058,7
952,0.12027899998656721,0.0005790000159322517,10
953,0.11834299999691211,0.0016889999869817984,12
954,0.11981199997990188,0.0006120000080045429,14
955,0.12414699997975731,0.0008840000020882144,14
956,0.12167500000259679,0.0005120000139413605,5
957,0.11901100000955012,0.0006199999802447564,14
958,0.11984899998651599,0.00048000001129366865,5
959,0.1252990000182308,0.0008279999974547536,12
960,0.12292200000274534,0.0005750000013904355,6
961,0.12110800000186828,0.0006209999980910652,10
962,0.12086200001704128,0.0006859999928110483,16
963,0.12434500001745619,0.0008110000067063083,6
964,0.1230169999928421,0.000616999983549249,7
965,0.11937499999703505,0.0007440000047154172,9
966,0.12033600000904698,0.0005670000007285125,11
967,0.11904699999831792,0.0007270000139669719,12
968,0.11969299998781935,0.0005990000033762044,14
969,0.1181240000107664,0.0004999999987376214,8
970,0.1193589999957112,0.0005690000079994206,10
971,0.12708200000588477,0.0008140000034018158,9
972,0.12246899999013294,0.00066100000140068,13
973,0.12038600002028943,0.0006380000172612199,11
974,0.11955599998714206,0.000713999980916924,14
975,0.1196759999970709,0.0006070000040381274,12
976,0.11945800000034978,0.0005420000093181443,6
977,0.11975099999972372,0.0005360000159271294,9
978,0.11992800000371062,0.0006389999782641098,9
979,0.12596299998790528,0.0008610000179487542,16
980,0.12071000000446475,0.0005320000013853132,8
981,0.11993499998652624,0.0005740000119658362,11
982,0.12070400001107373,0.000553999996100174,9
983,0.1206930000137163,0.00043899999013774504,7
984,0.11941299999307375,0.0006079999934627267,12
985,0.11974899999245281,0.00082099998621743,13
986,0.11857999999165258,0.000525000018569699,7
987,0.12478399997917222,0.0007650000100056786,12
988,0.12152499999729116,0.0006009999822254031,14
989,0.12026100000639417,0.0006969999901684787,15
990,0.11965800001689786,0.0004919999980756984,7
991,0.1255159999971056,0.0009259999842470279,16
992,0.12119900000584494,0.00048499998683837475,6
993,0.11976799999047216,0.0006160000225463591,14
994,0.1220699999748831,0.0005560000033710821,5
995,0.12387099999955353,0.000757999998768355,12
996,0.12298300001134521,0.0006630000086715881,13
997,0.12057200001436286,0.0004599999954280065,6
998,0.12006799997266171,0.0006329999848730949,7
999,0.11879100000555809,0.0004679999960899295,6
